<?xml version="1.0" encoding="UTF-8"?>
<!DOCTYPE mapper
  PUBLIC "-//mybatis.org//DTD Mapper 3.0//EN"
  "http://mybatis.org/dtd/mybatis-3-mapper.dtd">
  <mapper namespace="com.hanwha.myapp.dao.DataDAO">
  	<select id="dataAllList" resultType="com.hanwha.myapp.vo.DataVO">
  		select no, title, userid, hit, to_char(writedate,'MM-DD HH:MI') writedate,
  		filename1, filename2 from data order by no desc 
  	</select>
  	<insert id="dataInsert">
  		insert into data(no, title, content, userid, filename1, filename2)
  		values(boardsq.nextval, #{title}, #{content}, #{userid}, #{filename1}
  		<choose>
  			<when test='filename2!=null'>
  				,#{filename2}
  			</when>
  			<otherwise>
  				,null
  			</otherwise>
  		</choose>
  		)
  	</insert>
	<select id="dataSelect" resultType="com.hanwha.myapp.vo.DataVO">
		select no, userid, title, content, hit, writedate, filename1, filename2
		from data where no=#{param1}
	</select> 
	<select id="fileSelect" resultType="com.hanwha.myapp.vo.DataVO">
		select filename1, filename2 from data where no=#{param1}
	</select>
	<delete id="dataDelete">
		delete from data where no=#{param1}
	</delete>
	<select id="filenameSelect" resultType="com.hanwha.myapp.vo.DataVO">
		select filename1, filename2 from data where no=#{param1}
	</select>
	<update id="dataUpdate">
		update data set title=#{title}, content=#{content}, filename1=#{filename1}
		<choose>
			<when test='filename2!=null'>
				,filename2=#{filename2}
			</when>
			<otherwise>
				,filename2 = null
			</otherwise>
		</choose>
		where no=#{no} and userid=#{userid}
	</update>
  </mapper>